response_id,source_model,disease,domain,question_group,question_text,response_text,tone,complementarity,gilbert_urgency,discern_q7,comprehensiveness,clarity,mario_accuracy_original,mario_requested_revised_accuracy,mario_accuracy_final,mario_accuracy_notes,mario_rationale,vga_accuracy_final,vga_accuracy_notes,vga_rationale,third_reviewer_accuracy,third_reviewer_notes,third_reviewer_used,adjudication_case_id,human_accuracy_mean,human_accuracy_abs_diff,human_accuracy_resolution_status,final_validated_accuracy,final_accuracy_resolution_status,final_accuracy_source,validated_accuracy,accuracy_source,validated_tone,validated_complementarity,validated_gilbert_urgency,validated_discern_q7,descriptive_comprehensiveness,descriptive_clarity
AAA_SS1_gemini_free,gemini_free,AAA,signs_symptoms,symptoms,WHICH ARE THE SIGNS OF AAA,"An **AAA** usually refers to an **Abdominal Aortic Aneurysm**—a swelling or bulge in the main blood vessel that runs from your heart through your chest and tummy.

The trick with an AAA is that it often grows slowly and **causes no symptoms at all** until it becomes large or starts to tear. However, knowing what to look for can be life-saving.

Here are the signs to watch out for, broken down by whether the aneurysm is stable or a medical emergency.

---

## 1. Signs of a Growing (But Unruptured) AAA

If an AAA is expanding, it may start pressing on surrounding organs and nerves. You might notice:

* **A pulsating feeling in the stomach:** A throbbing or pumping sensation near your belly button, similar to a heartbeat.
* **Persistent back pain:** Deep, aching pain in your lower back or the side of your abdomen that doesn't go away with rest or changing positions.
* **Constant belly pain:** A dull, steady ache in your stomach area.

---

## 2. Signs of a Ruptured AAA (Medical Emergency) 🚨

If the aneurysm bursts, it causes severe internal bleeding. **This is a life-threatening emergency.** Call emergency services immediately if you or someone else experiences:

* **Sudden, severe pain:** An intense, sharp, or tearing pain in the abdomen, lower back, or groin that comes on instantly.
* **Signs of shock:** * Clammy, sweaty, or pale skin
* Dizziness, lightheadedness, or fainting
* A rapid heartbeat or shallow, fast breathing


* **Shortness of breath** or sudden confusion.

---

## Who is Most at Risk?

AAA is most common in men over the age of 65. Major risk factors include:

* Smoking or a history of smoking
* High blood pressure
* High cholesterol
* A family history of AAA

> **Note:** If you have risk factors or are experiencing a persistent, unexplained ache in your back or stomach, it is highly recommended to speak with a doctor. They can perform a quick, painless ultrasound to check for an AAA.

*(If you meant ""AAA"" in a different context—like the American Automobile Association, AAA gaming, or Triple-A batteries—let me know and I'll gladly pivot!)*",1.5,1.0,1.0,,4.5,5.0,3,,3,,,4,,,,,False,,3.5,1.0,minor_disagreement,3.5,minor_disagreement,dual_surgeon_mean,3.5,dual_surgeon_mean,1.5,1.0,1.0,,4.5,5.0
AAA_SS2_gemini_free,gemini_free,AAA,natural_history,symptoms,WHICH ARE THE RISKS OF AAA,"When looking at an **Abdominal Aortic Aneurysm (AAA)**, ""risks"" usually fall into two categories: the **risk factors** that cause one to develop in the first place, and the **health risks** associated with having one.

Here is a clear breakdown of both.

---

## 1. Risk Factors: What Causes an AAA to Develop?

While the exact cause of AAA isn't always clear, certain factors significantly increase your chances of developing one.

* **Tobacco Use:** This is the **#1 risk factor**. Smoking damages the walls of the arteries, makes them brittle, and drastically increases both the chance of getting an AAA and the speed at which it grows.
* **Age:** AAAs are most common in people aged **65 and older**.
* **Biological Sex:** Men are significantly more likely to develop an AAA than women.
* **Family History:** If a parent or sibling has had an AAA, your risk is much higher, and you may develop it at a younger age.
* **Cardiovascular Issues:** * **Atherosclerosis:** The buildup of fat and other substances (plaque) that harden and weaken the aortic walls.
* **High Blood Pressure (Hypertension):** Constant high pressure damages the blood vessels over time.
* **High Cholesterol:** Contributes to arterial damage.



---

## 2. Health Risks: What Happens If You Have an AAA?

The primary danger of an AAA is that the aorta is the largest blood vessel in the body. If its structure is compromised, the risks are severe:

### A. Rupture (The Main Danger)

As the aneurysm grows larger, the wall of the aorta stretches thinner and becomes weaker, much like an overinflated balloon. If it ruptures, it causes **massive internal bleeding**. This is a catastrophic medical emergency with a very high mortality rate.

### B. Aortic Dissection

This occurs when a tear happens in the *inner* layer of the aorta's wall. Blood rushes through the tear, causing the inner and middle layers of the aorta to split (dissect). If the dissection ruptures outside the aortic wall, it is also fatal.

### C. Blood Clots (Embolism)

Because the aneurysm creates a wide, bulging ""pocket,"" blood flow inside it can become turbulent and slow down. This can cause small blood clots to form. If a clot breaks loose, it can travel down into the legs, feet, or toes, blocking blood flow and causing severe pain, tissue damage, or even amputation.

---

## The ""Size"" Risk Breakdown

Doctors closely monitor the size of an AAA using ultrasound or CT scans to weigh the risks of surgery versus the risk of rupture:

| Aneurysm Size | Risk Category | Typical Action Plan |
| --- | --- | --- |
| **Small** (3.0 to 4.4 cm) | Low rupture risk | Monitor with scans every 12 months; manage blood pressure. |
| **Medium** (4.5 to 5.4 cm) | Moderate rupture risk | Monitor with scans every 3 to 6 months. |
| **Large** (5.5 cm or larger) | **High rupture risk** | Surgery is usually recommended to repair the aorta before it bursts. |

> **Preventative Screening:** Because a small or medium AAA usually has zero symptoms, men over 65 who have ever smoked are highly encouraged to get a **one-time screening ultrasound**. It's fast, painless, and can save your life.",1.5,0.5,3.0,,4.333333333333333,5.0,4,,4,,,4,,,,,False,,4.0,0.0,exact_agreement,4.0,exact_agreement,dual_surgeon_agreement,4.0,dual_surgeon_agreement,1.5,0.5,3.0,,4.333333333333333,5.0
AAA_T1_gemini_free,gemini_free,AAA,medical_advice,treatment,WHICH IS THE RISK OF RUPTURE OF AN AAA,"The risk of an Abdominal Aortic Aneurysm (AAA) rupturing is directly tied to the **size (diameter)** of the aneurysm. The larger it gets, the higher the internal pressure on the walls of the blood vessel, exponentially increasing the risk of it bursting.

---

## 1. Annual Rupture Risk by Size

Vascular guidelines categorize the yearly risk of rupture based on the maximum diameter of the aorta:

| AAA Diameter (Size) | Risk Level | Estimated Annual Rupture Risk | Typical Action |
| --- | --- | --- | --- |
| **Under 4.0 cm** | Very Low | **~0%** | Watchful waiting (Ultrasound every 2–3 years) |
| **4.0 to 4.9 cm** | Low | **0.5% to 5%** | Active surveillance (Ultrasound every 6–12 months) |
| **5.0 to 5.9 cm** | Moderate to High | **3% to 15%** | **Surgical threshold reached.** (Surgery recommended for men at 5.5cm, women at 5.0cm) |
| **6.0 to 6.9 cm** | High | **10% to 20%** | Urgent surgical repair needed |
| **7.0 to 7.9 cm** | Very High | **20% to 40%** | Critical emergency; extreme risk |
| **8.0 cm or larger** | Extreme | **30% to 50%** | Imminent danger of rupture |

---

## 2. Other Factors That Accelerate Rupture Risk

While size is the primary indicator, doctors also look at several other critical factors that can cause an aneurysm to burst sooner than expected:

* **Growth Rate (Rapid Expansion):** If an AAA grows by **0.5 cm or more in 6 months** (or 1 cm in a year), the risk of rupture skyrockets, regardless of its overall size.
* **Biological Sex:** Women are at a **four times higher risk** of rupture than men at identical sizes. Because women generally have smaller native aortas, an aneurysm is often repaired earlier (usually at 5.0 cm).
* **Active Smoking:** Continuing to smoke significantly weakens the aortic wall, causing the aneurysm to expand much faster and making it more prone to tearing.
* **Uncontrolled High Blood Pressure:** Higher pressure inside the vessel acts like overinflating a tire, putting constant mechanical stress on the bulge.
* **Aneurysm Shape:** A ""saccular"" aneurysm (a bulge out of just one side, like a bubble) is structurally weaker and more prone to rupture than a ""fusiform"" aneurysm (a symmetrical, football-shaped bulge).

## The Importance of the ""5.5 cm"" Rule

The reason **5.5 cm** (for men) and **5.0 cm** (for women) are the standard cutoffs for elective surgery is a simple calculation of risk vs. benefit. Below these sizes, the risk of dying from the surgical procedure itself is actually higher than the yearly risk of the aneurysm rupturing. Once the aneurysm crosses those thresholds, the danger of it bursting outweighs the risks of the operation.",1.0,0.0,0.0,1.5,4.333333333333334,4.833333333333334,5,,5,,,4,,,,,False,,4.5,1.0,minor_disagreement,4.5,minor_disagreement,dual_surgeon_mean,4.5,dual_surgeon_mean,1.0,0.0,0.0,1.5,4.333333333333334,4.833333333333334
AAA_T2_gemini_free,gemini_free,AAA,best_treatment,treatment,WHICH IS THE BEST INTERVENTION FOR AAA,"There is no single ""best"" intervention for an Abdominal Aortic Aneurysm (AAA). Instead, the right choice depends entirely on **how large the aneurysm is**, the **patient's overall health**, and whether the aneurysm is stable or has ruptured.

According to global standards from the Society for Vascular Surgery (SVS) and the European Society for Vascular Surgery (ESVS), interventions are divided into three main strategies.

---

## 1. Small to Medium AAAs: Best Intervention is ""Watchful Waiting""

If the aneurysm is **under 5.5 cm in men** or **under 5.0 cm in women**, the best intervention is **not surgery**. Because the risk of surgical complications is higher than the risk of a small aneurysm bursting, doctors use a strategy called **Active Surveillance & Best Medical Therapy**:

* **Regular Scans:** Ultrasound scans every 6 to 12 months to monitor the growth rate.
* **Blood Pressure Control:** Keeping blood pressure low to reduce stress on the aortic wall.
* **Cholesterol-Lowering Medications:** Statins are often prescribed to protect the blood vessels.
* **Smoking Cessation:** This is the single most critical lifestyle intervention, as smoking forces the aneurysm to grow rapidly.

---

## 2. Large or Growing AAAs: Surgical Options

When an AAA reaches **5.5 cm (men) / 5.0 cm (women)**, or if it is growing faster than 0.5 cm in 6 months, surgery becomes the best intervention. There are two primary ways to repair it:

### Option A: Endovascular Aortic Repair (EVAR) — *The Minimally Invasive Approach*

This is currently the most common intervention, especially for older adults or those with other health conditions.

* **How it works:** A surgeon makes tiny incisions in the groin and feeds a fabric-covered metal mesh tube (a stent graft) through the femoral arteries up into the aorta. The graft is expanded inside the aneurysm, creating a new, strong channel for blood to flow through, sealing off the weak bulge.
* **Pros:** Faster recovery (often just 1–2 days in the hospital), less pain, and a lower immediate risk of complications right after surgery.
* **Cons:** Requires lifelong annual imaging scans (CT or ultrasound) because the stent can sometimes shift or leak over time (endoleak).

### Option B: Open Surgical Repair — *The Traditional Approach*

This is a major abdominal surgery, usually recommended for younger, healthier patients or if the anatomy of the blood vessel prevents an EVAR stent from fitting securely.

* **How it works:** A surgeon makes a large incision in the abdomen, temporarily stops blood flow through the aorta, cuts open the aneurysm, and sews a synthetic fabric tube (graft) directly into place to replace the damaged section of the aorta.
* **Pros:** Highly durable and considered a permanent ""fix."" It rarely requires future procedures, and lifelong annual imaging is usually not necessary.
* **Cons:** Longer hospital stay (typically 5–7 days) and a more demanding recovery process that can take several weeks or months.

---

## 3. Ruptured AAA: Best Intervention is Emergency EVAR

If an AAA ruptures, it is a catastrophic medical emergency.

* Modern medical guidelines state that **emergency EVAR** is the preferred intervention if the patient's anatomy allows it and a vascular team is ready. It allows doctors to seal the bleeding immediately through the groin without having to open the abdomen of a patient who is unstable and losing blood.
* If EVAR is not anatomically possible, immediate open emergency surgery is performed.

---

## Summary: Which is best for you?

* **If it's small (< 5.5cm for men / < 5.0cm for women):** Medication, smoking cessation, and ultrasound monitoring.
* **If it's large and you are older/frail:** **EVAR** is usually preferred due to lower initial physical stress.
* **If it's large and you are young/otherwise healthy:** **Open surgery** is often preferred for its long-term durability.

*Always consult a vascular surgeon to determine the safest approach based on specific CT scans and personal health history.*",2.0,1.0,3.0,4.5,4.833333333333334,5.0,5,,5,,,4,,,,,False,,4.5,1.0,minor_disagreement,4.5,minor_disagreement,dual_surgeon_mean,4.5,dual_surgeon_mean,2.0,1.0,3.0,4.5,4.833333333333334,5.0
CS_SS1_gemini_free,gemini_free,CS,signs_symptoms,symptoms,WHICH ARE THE SYMPTOMS OF CAROTID STENOSES,"Much like an Abdominal Aortic Aneurysm, **carotid artery stenosis** (the narrowing of the main blood vessels in the neck that supply blood to the brain) is a ""silent"" condition. In its early or even advanced stages, it typically **causes no symptoms at all**.

When symptoms *do* appear, it is because the narrowing has become severe enough to restrict blood flow, or a piece of fatty plaque has broken off and traveled to the brain. This results in either a temporary warning sign called a **TIA (Transient Ischemic Attack)** or a full **Ischemic Stroke**.

Because the carotid arteries supply the front part of the brain, the symptoms are highly specific.

---

## 1. The Classic Warning Sign: A TIA (""Mini-Stroke"")

A TIA occurs when blood flow to a part of the brain is briefly blocked and then completely restores itself. **Symptoms come on suddenly and usually disappear within minutes to a few hours.** They include:

* **Sudden weakness or numbness** in the face, arm, or leg—almost always on **just one side** of the body.
* **Sudden difficulty speaking** (slurring words) or trouble understanding what others are saying.
* **Amaurosis Fugax (Transient Blindness):** A very specific symptom of carotid stenosis where a person experiences sudden, painless loss of vision in **one eye**. Patients often describe it as a ""dark window shade"" falling down over their field of vision. It resolves on its own but is a massive warning sign.
* **Sudden dizziness** or loss of balance.

---

## 2. The Main Event: An Ischemic Stroke 🚨

If the blockage is permanent or a blood clot completely shuts off an artery, it causes a stroke. The symptoms are identical to a TIA, but they **do not go away** and can cause permanent brain damage.

The easiest way to recognize these symptoms is using the **B.E. F.A.S.T.** acronym:

* **B - Balance:** Sudden loss of balance or coordination.
* **E - Eyes:** Sudden vision changes or loss of vision in one or both eyes.
* **F - Face Drooping:** One side of the face droops or is numb. When the person smiles, it's uneven.
* **A - Arm Weakness:** One arm feels weak or numb. If they try to raise both arms, one drifts downward.
* **S - Speech Difficulty:** Speech is slurred, hard to understand, or the person cannot speak at all.
* **T - Time to call emergency services:** If someone shows any of these symptoms—even if they go away—call emergency medical services immediately.

---

## 3. The Only ""Asymptomatic"" Sign: A Carotid Bruit

If you don't have any of the neurological symptoms above, a doctor might still suspect carotid stenosis during a routine physical exam.

When they place a stethoscope over the carotid artery on the side of your neck, they may hear a rushing or whistling sound called a **bruit** (pronounced *broo-ee*). This sound is caused by blood violently turbulating as it forces its way through a narrow, clogged artery.

## Summary

* **Mild to Moderate Stenosis:** Usually 100% symptom-free.
* **Symptomatic Stenosis:** Causes sudden, one-sided body weakness, facial drooping, speech slurring, or temporary blindness in one eye.

*If you or a loved one ever experience a sudden onset of these symptoms, do not wait to see if they improve. Treat it as an immediate medical emergency.*",1.5,1.0,1.0,,5.0,5.0,4,,4,,,4,,,,,False,,4.0,0.0,exact_agreement,4.0,exact_agreement,dual_surgeon_agreement,4.0,dual_surgeon_agreement,1.5,1.0,1.0,,5.0,5.0
CS_SS2_gemini_free,gemini_free,CS,natural_history,symptoms,I HAVE A CAROTID STENOSIS; WHICH IS MY RISK OF STROKE,"Your precise risk of a stroke depends on three critical pieces of information: **how narrow your artery is**, **whether you are experiencing symptoms**, and **the composition of the plaque** inside your artery.

Medical guidelines from organizations like the Society for Vascular Surgery (SVS) and the European Society for Vascular Surgery (ESVS) calculate this risk by looking at these primary categories:

---

## 1. Do You Have Symptoms? (Symptomatic vs. Asymptomatic)

This is the most important factor in calculating immediate risk.

* **Symptomatic:** If you have had a stroke or a TIA (""mini-stroke,"" with temporary weakness, numbness, speech slurring, or vision loss) in the last 6 months on the same side as the stenosis, your risk of a repeat stroke is **high** (often a 10% to 20% risk within the first year without intervention).
* **Asymptomatic:** If the narrowing was found during a routine checkup or a scan for something else, and you have never had neurological symptoms, your risk is **significantly lower** (historically around 1% to 2% per year, and even less with modern medications).

---

## 2. The Degree of Stenosis (How Narrow is the Artery?)

Doctors measure the blockage as a percentage. In general, higher percentages mean higher risk, but the approach varies:

* **Mild (< 50% blockage):** The risk of stroke is very low. This is almost always treated with medications and lifestyle changes alone.
* **Moderate (50% to 69% blockage):** * *If Asymptomatic:* Low risk. Typically managed with aggressive medical therapy.
* *If Symptomatic:* Moderate-to-high risk. Surgery (like a carotid endarterectomy) is often considered to prevent a future stroke.


* **Severe (70% to 99% blockage):**
* *If Asymptomatic:* The annual stroke risk is roughly 1% to 3% per year. Surgery or stenting may be recommended if you are otherwise healthy and expected to live at least 5 years.
* *If Symptomatic:* **Very high risk.** The risk of a major stroke can be up to 26% over two years without surgery. Fast intervention is usually required.



---

## 3. Plaque Stability (The ""Type"" of Blockage)

Modern vascular medicine looks closely at *what* the blockage is made of, not just how big it is.

* **Stable Plaque:** If the plaque is hard and calcified (calcium buildup), it behaves like cement. It narrows the artery but is less likely to break apart.
* **Vulnerable Plaque:** If the plaque has a thin cap, a large fatty (lipid) core, or signs of bleeding inside it (ulcerated plaque), it is unstable. It can easily rupture, sending a shower of dangerous clots directly into the brain, drastically increasing stroke risk regardless of the percentage of blockage.

---

## How Modern Medicine Lowers Your Risk

It is important to know that **Best Medical Therapy (BMT)** has vastly improved. If you are on an optimized regimen, your risk drops dramatically. This usually includes:

* **Antiplatelet therapy:** Daily aspirin or clopidogrel to prevent blood clots from forming on the plaque.
* **High-intensity statins:** Medications that do more than just lower LDL cholesterol; they actually **stabilize and shrink the plaque**, changing it from vulnerable to stable.
* **Strict blood pressure control:** Keeping blood pressure ideally below 130/80 mmHg to reduce the mechanical stress on the artery wall.

To help give you more relevant information about your situation, **do you know the exact percentage of your stenosis, or if it was described as mild, moderate, or severe?** Also, please let me know if you are currently experiencing any of the warning symptoms mentioned earlier.",2.0,0.5,1.5,,5.0,5.0,4,,4,,,3,,,,,False,,3.5,1.0,minor_disagreement,3.5,minor_disagreement,dual_surgeon_mean,3.5,dual_surgeon_mean,2.0,0.5,1.5,,5.0,5.0
CS_T1_gemini_free,gemini_free,CS,medical_advice,treatment,WHICH DRUG I HAVE TO ASSUME TO TREAT A CAROTID STENOSIS,"Treating carotid stenosis relies heavily on **Best Medical Therapy (BMT)**. Medical guidelines emphasize that even if a patient requires surgery or a stent, they must remain on optimized drug therapy indefinitely to prevent strokes and keep the arterial plaque stable.

The pharmacological treatment of carotid stenosis is a combined regimen of **three core types of medications**, alongside strict control of metabolic conditions like diabetes.

---

## 1. Antiplatelet Therapy (Blood Thinners)

Antiplatelets are the foundation of stroke prevention. They stop blood cells (platelets) from sticking together and forming a dangerous clot over the plaque in your neck.

* **For Asymptomatic Stenosis (No symptoms):** Doctors typically prescribe a **single antiplatelet** to take indefinitely.
* *Standard drug:* **Aspirin** (75 mg to 325 mg daily) or **Clopidogrel** (Plavix, 75 mg daily) if you cannot tolerate aspirin.


* **For Symptomatic Stenosis or Post-Stent (EVAR/CAS):** If you recently had a TIA/stroke or just received a carotid stent, guidelines often require **Dual Antiplatelet Therapy (DAPT)**—combining Aspirin *and* Clopidogrel together—for a short period (typically 30 days to 3 months) to maximize protection before dropping back down to one drug.

## 2. High-Intensity Statins (Lipid-Lowering & Plaque Stabilizers)

Statins do far more than just lower your cholesterol numbers. In carotid stenosis, they are used for **plaque stabilization**. High-intensity statins change the chemical composition of the plaque, making its outer shell thick and stable so it is much less likely to rupture and travel to the brain.

* *Standard drugs:* **Atorvastatin** (Lipitor, 40–80 mg) or **Rosuvastatin** (Crestor, 20–40 mg).
* *The Target:* The goal under modern vascular guidelines is to aggressively drive your LDL (""bad"") cholesterol down **below 70 mg/dL (1.8 mmol/L)**, or even lower depending on your overall cardiovascular risk.
* *Advanced Additions:* If statins alone cannot lower your cholesterol enough, your doctor may add **Ezetimibe** or advanced injectable therapies called **PCSK9 inhibitors** (like Evolocumab), which have been shown to actively shrink the fatty core of carotid plaques.

## 3. Antihypertensive Medications (Blood Pressure Control)

High blood pressure acts like a pressure washer inside your neck, causing mechanical stress that can crack the plaque open. Keeping blood pressure strictly controlled minimizes this turbulence.

* *Standard drugs:* Doctors often use **ACE inhibitors** (e.g., Ramipril, Lisinopril) or **ARBs** (e.g., Losartan, Valsartan), as these specific classes offer excellent blood vessel protection.
* *The Target:* The usual target is to safely keep your resting blood pressure **below 130/80 mmHg** (or below 140/90 mmHg, depending on your age and other health conditions).

---

> ### ⚠️ A Critical Warning On Medication Changes
> 
> 
> **Never start, stop, or change the dose of these medications without an explicit prescription and plan from your physician or vascular specialist.** Stopping an antiplatelet or a statin suddenly can cause a rebound effect that sharply increases your immediate risk of a stroke.

To help me tailor this information, **did a doctor recently prescribe any of these specific medications to you, or are you preparing for a medical appointment to discuss a new diagnosis?** Knowing your current doses or any side effects you are experiencing would be very helpful.",1.5,1.0,3.0,2.5,4.666666666666666,4.833333333333334,4,,4,,,4,,,,,False,,4.0,0.0,exact_agreement,4.0,exact_agreement,dual_surgeon_agreement,4.0,dual_surgeon_agreement,1.5,1.0,3.0,2.5,4.666666666666666,4.833333333333334
CS_T2_gemini_free,gemini_free,CS,best_treatment,treatment,IS STENTING EFFECTIVE FOR CAROTID STENOSIS,"Yes, **carotid artery stenting (CAS) is highly effective** at keeping the artery open and preventing strokes, but it is not a blanket solution for everyone.

Major clinical evidence—including landmark data from the long-awaited **CREST-2 trial** published in late 2025/early 2026—shows that stenting combined with intensive medical therapy significantly reduces the long-term risk of stroke in correctly selected patients.

However, whether stenting is the *best* option for you depends on how its effectiveness balances against its unique risks.

---

## 1. When Stenting is Most Effective

Stenting is performed by inserting a mesh tube via a catheter (usually through the groin or wrist) up into the neck to push the plaque against the artery wall. It is generally the preferred, most effective option for:

* **High-Surgical-Risk Patients:** If you have severe heart disease, lung disease, or other conditions that make open surgery or general anesthesia dangerous.
* **Anatomical Challenges:** If the blockage is located too high up in the neck for a surgeon to reach safely via an incision.
* **Prior Neck Interventions:** If you have had previous neck surgery, radiation therapy to the neck, or a recurrent blockage after a past surgery (restenosis). The scar tissue makes a second open surgery very difficult.

---

## 2. The Big Catch: The Periprocedural Stroke Risk

While stenting is excellent at preventing strokes *long-term*, it carries a slightly higher **immediate risk of causing a minor stroke during the procedure itself** compared to open surgery (Carotid Endarterectomy, or CEA).

* **Why?** As the doctor navigates the catheter through the blockage and expands the stent, small, fragile pieces of plaque can accidentally break loose and travel up into the brain.
* **The Safeguard:** Interventionalists use specialized ""embolic protection devices"" (filters that act like tiny umbrellas) to catch this debris. Even so, the immediate procedure-related stroke risk sits around **1% to 2%** in top-tier centers.

---

## 3. Stenting vs. Open Surgery (CEA) vs. Medications

Vascular specialists compare three pathways to decide if stenting is appropriate:

| Feature | Carotid Stenting (CAS) | Open Surgery (CEA) | Medications Alone (BMT) |
| --- | --- | --- | --- |
| **Invasiveness** | Minimally invasive (groin/wrist puncture) | Open surgery (neck incision) | Non-invasive (pills) |
| **Recovery Time** | Fast (usually 1–2 days) | Several weeks | N/A |
| **Short-Term Risk** | Slightly higher risk of procedural minor stroke | Higher risk of temporary nerve injury or local hematoma | Zero procedural risk |
| **Long-Term Protection** | **Excellent** (especially if blockage is >70%) | **Excellent** (historically the gold standard) | Good for low-grade blockages, but less effective for severe blockages |

---

## 4. Age Matters

Clinical trials have consistently shown an interesting age split when measuring effectiveness:

* **Under Age 70:** Stenting is exceptionally effective and highly comparable to surgery, as younger blood vessels are more flexible and easier to navigate with catheters.
* **Over Age 75/80:** Open surgery or aggressive medication alone is often preferred. Older patients tend to have harder, more calcified, and twisting arteries, which makes navigating the stenting equipment riskier.

> ### The Takeaway
> 
> 
> Carotid stenting is a highly effective, life-saving tool, but its success depends heavily on the **anatomy of your neck, your age, and the skill of the interventionist**.

Are you currently discussing a potential stent with a vascular specialist or neurologist? If you'd like to share whether your blockage has caused any recent symptoms, I can give you a better idea of how guidelines view stenting for your specific situation.",2.0,1.0,3.0,4.5,4.333333333333334,5.0,5,4,4,,"I want to rate again as 4, let me know if I still need to comment",3,,CAS can be effective but is reserved for special cases. CEA is the first option as per ESVS guidelines. This is not made clear,3,misalign with current ESVS guidelines on diagnosis or management; (d) could mislead a patient about clinical priorities.,True,ADJ_05,3.5,1.0,minor_disagreement,3.0,triple_surgeon_resolved,triple_surgeon_median,3.0,triple_surgeon_median,2.0,1.0,3.0,4.5,4.333333333333334,5.0
PAOD_SS1_gemini_free,gemini_free,PAOD,signs_symptoms,symptoms,LEG ARTERY DISEASE: WHICH SYMPTOMS,"Leg artery disease is most commonly known as **Peripheral Artery Disease (PAD)**. It happens when plaque builds up in the arteries that carry blood to your limbs, narrowing the pathway and reducing blood flow to your legs and feet.

The symptoms can range from completely unnoticeable to severe pain, depending on how narrowed the arteries have become. Here is what to look out for:

## The Most Common Sign: Claudication

For many people, the first noticeable symptom is **claudication**—muscle pain or cramping in your legs triggered by activity (like walking or climbing stairs) that disappears after a few minutes of rest.

* **Where it hurts:** Most commonly in the calves, but it can also hit your thighs, buttocks, or hips.
* **How it feels:** A dull ache, cramping, numbness, or a feeling of extreme fatigue in the leg muscles.
* **The pattern:** It’s highly predictable. It starts when you exert yourself and goes away when you stop.

---

## Other Common Symptoms

As the condition progresses, or if blood flow is significantly reduced, you might experience:

* **Coldness:** One lower leg or foot feels noticeably colder than the other.
* **Skin Changes:** The skin on your legs may look shiny, tight, or pale.
* **Color Shifts:** Your legs or feet might turn a bluish, purplish, or unusually pale color when elevated.
* **Hair and Nail Changes:** Slower hair growth on your legs or feet, and slower-growing, thickened toenails.
* **Weak Pulse:** A very weak or entirely absent pulse in your legs or feet (usually detected by a doctor).
* **Sores that Don't Heal:** Poor blood flow means wounds don't get the oxygen they need to mend. You might notice ulcers or sores on your toes, feet, or legs that heal incredibly slowly or not at all.
* **Erectile Dysfunction:** Especially in men who have artery narrowing in the pelvic area.

---

## Severe Symptoms: Critical Limb Ischemia (CLI)

If leg artery disease becomes advanced, it can lead to a serious condition called Critical Limb Ischemia. This is a medical urgency and includes:

* **Rest Pain:** Burning or aching pain in your feet or toes even when you are resting or lying down. It’s often severe enough to wake you up at night. (Propping your legs over the edge of the bed or walking around can sometimes temporarily ease it, as gravity helps blood flow downward).
* **Gangrene:** Dead, blackened tissue on the feet or toes due to a total lack of blood supply.

> **Note:** Interestingly, up to **50% of people with PAD have no symptoms at all**, or they mistake the aches for ""just getting older.""

If you are experiencing leg pain when walking or have noticed wounds that won't heal, it is highly recommended to speak with a healthcare provider. They can perform a quick, painless test called an Ankle-Brachial Index (ABI) to check your blood flow.

Are you or a loved one experiencing any of these specific symptoms, or are you looking into this based on a recent diagnosis?",2.0,1.0,3.0,,5.0,5.0,4,,4,,,3,,,,,False,,3.5,1.0,minor_disagreement,3.5,minor_disagreement,dual_surgeon_mean,3.5,dual_surgeon_mean,2.0,1.0,3.0,,5.0,5.0
PAOD_SS2_gemini_free,gemini_free,PAOD,natural_history,symptoms,WHAT IS THE RISK OF AMPUTATION IN PATIENTS WITH LEG ARTERY DISEASE?,"The overall risk of amputation for someone with leg artery disease (Peripheral Artery Disease, or PAD) is actually **quite low for the vast majority of patients.** However, the risk is not uniform. It depends entirely on how advanced the disease is and whether the patient has other major health complications.

---

## 1. Amputation Risk by Stage of Disease

Vascular specialists generally break the risk down into two distinct categories:

### Stable or Mild-to-Moderate PAD (Claudication)

If your primary symptom is leg pain or cramping that comes on with walking and goes away with rest (intermittent claudication), your disease is considered stable.

* **The Amputation Risk:** **Very Low (around 1% to 3% over a 5-year period).**
* For most people in this category, the disease does not rapidly worsen to the point of losing a limb, especially if it is managed with lifestyle changes and medication.

### Advanced PAD (Critical Limb Ischemia / CLTI)

If the disease progresses to Critical Limb Ischemia—meaning blood flow is so severely restricted that you have severe pain even while resting, open sores/ulcers that won't heal, or gangrene:

* **The Amputation Risk:** **High (approximately 20% to 25% within 1 year of diagnosis).**
* This is a medical emergency. At this stage, vascular surgeons must aggressively try to revascularize (restore blood flow via stents or bypass surgery) to save the limb.

---

## 2. Major ""Risk Multipliers""

Certain factors drastically spike a person's individual risk of requiring an amputation:

* **Diabetes:** This is the single biggest risk multiplier. Diabetes damages both the blood vessels and the nerves (neuropathy) in the feet. A diabetic patient with PAD is **5 to 10 times more likely** to require an amputation than a non-diabetic patient, often starting from a minor foot wound they couldn't feel that quickly turned severely infected.
* **Smoking:** Continued smoking accelerates plaque buildup faster than almost anything else and severely hinders the body's ability to heal wounds.
* **Chronic Kidney Disease (CKD):** Severe kidney issues cause calcium to build up in the walls of the arteries, making them rigid and incredibly difficult to treat.
* **Previous Minor Amputations:** Having already lost a toe or part of a foot significantly increases the statistical risk of eventually needing a major (above or below the knee) amputation.

---

## 3. The Real Danger: Cardiovascular Risk

It surprises many people to learn that if you have PAD, **the threat to your life is statistically much higher than the threat to your limbs.** Because plaque buildup happens throughout the entire body, patients with leg artery disease are at a highly elevated risk for heart attacks and strokes.

> **The Takeaway:** Amputation is highly preventable. By aggressively managing blood pressure and cholesterol, taking prescribed blood thinners, walking regularly to build collateral circulation, checking your feet daily for wounds, and—most importantly—stopping smoking, the vast majority of patients can keep their limbs perfectly safe.

Are you looking at these risks for yourself or a family member? If there are specific health factors involved, like diabetes, sharing that could help me give more tailored information.",2.0,0.5,2.5,,4.833333333333334,5.0,3,,3,,,4,,,,,False,,3.5,1.0,minor_disagreement,3.5,minor_disagreement,dual_surgeon_mean,3.5,dual_surgeon_mean,2.0,0.5,2.5,,4.833333333333334,5.0
PAOD_T1_gemini_free,gemini_free,PAOD,medical_advice,treatment,HOW CAN I IMPROVE MYARTERIAL LEG CIRCULATION?,"Improving your arterial leg circulation is highly achievable, especially if your symptoms are currently at the mild-to-moderate stage. Because arteries carry blood *away* from the heart down to your feet, the goal is to widen those pathways, encourage your body to build natural ""detours,"" and prevent new plaque from forming.

Here are the most effective, clinically proven ways to improve your leg circulation.

## 1. The Power of ""Structured Walking""

It sounds counterintuitive to walk when walking causes leg pain, but **supervised exercise therapy (SET)** is one of the most powerful treatments for PAD. It forces your body to undergo *angiogenesis*—the creation of new, microscopic blood vessels that bypass the blocked arteries.

* **The Method:** Walk until you reach a moderate-to-severe level of leg pain (claudication). Stop and rest until the pain goes away. Immediately start walking again until the pain returns.
* **The Goal:** Repeat this cycle for **30 to 45 minutes, 3 to 4 times a week**.
* **The Result:** Within a few months, most patients find they can walk significantly farther before the pain sets in.

---

## 2. Lifestyle Shifts That Move the Needle

* **Quitting Smoking is Non-Negotiable:** Tobacco smoke causes arteries to instantly constrict and accelerates plaque buildup. Quitting is the single most impactful thing you can do to save your limbs.
* **Adopt a Heart-Healthy Diet:** Focus on a Mediterranean-style diet rich in vegetables, lean proteins, fruits, and whole grains. Minimize saturated fats and sodium to protect your arterial walls.
* **Stay Hydrated:** Dehydration makes your blood thicker and harder to pump through narrowed vessels.

---

## 3. Medical Management (Working with Your Doctor)

Lifestyle changes work best when paired with the right medical toolkit. Your doctor will likely focus on three main areas:

| Medication Type | What it Does for Circulation |
| --- | --- |
| **Antiplatelets** (e.g., Aspirin, Clopidogrel) | Keeps blood ""slippery"" so it flows easier through tight spaces and prevents clots. |
| **Statins** (e.g., Atorvastatin) | Lowers cholesterol, but more importantly, stabilizes existing plaque so it doesn't rupture and block the artery. |
| **Cilostazol** (Pletal) | A specific medication that directly dilates (widens) the arteries in the legs and reduces claudication pain. |

> ⚠️ **A Crucial Warning on Foot Care:** Because reduced circulation means your feet heal very slowly, a tiny blister or ingrown toenail can quickly turn into a serious ulcer. Check your feet daily, never walk barefoot, and wear comfortable, protective shoes.

---

## 4. Advanced Medical Interventions

If lifestyle changes and medications aren't enough, or if the blockages are severe, a vascular specialist can physically open the plumbing:

* **Angioplasty and Stents:** A tiny balloon is inflated inside the artery to flatten the plaque, and a mesh tube (stent) is left behind to keep it open.
* **Bypass Surgery:** A surgeon uses a synthetic tube or a vein from another part of your body to reroute blood flow entirely around the blockage.

Have you already spoken to a doctor about a specific treatment plan, or are you looking for ways to jumpstart your circulation at home right now?",1.5,1.0,3.0,2.5,4.166666666666666,5.0,3,,3,,,4,,,,,False,,3.5,1.0,minor_disagreement,3.5,minor_disagreement,dual_surgeon_mean,3.5,dual_surgeon_mean,1.5,1.0,3.0,2.5,4.166666666666666,5.0
PAOD_T2_gemini_free,gemini_free,PAOD,best_treatment,treatment,WHICH IS THE BEST METHOD FOR SURGICAL TREATMENT OF LEG ARTERY DISEASE?,"The “best” treatment for Peripheral Artery Disease depends on:

* which artery is blocked,
* how long and severe the blockage is,
* whether there are ulcers or gangrene,
* your age and overall health,
* and whether the goal is symptom relief or limb salvage.

The two main approaches are:

## 1. Endovascular treatment (minimally invasive)

Common methods:

* balloon angioplasty,
* stenting,
* atherectomy (plaque removal),
* drug-coated balloons or stents.

### Advantages

* smaller incisions,
* shorter recovery,
* less pain,
* lower immediate surgical risk,
* often preferred first for many patients.

### Best suited for

* shorter or less complex blockages,
* older or higher-risk patients,
* many iliac and some femoropopliteal lesions.

## 2. Surgical bypass

A surgeon creates a new path around the blocked artery using:

* a vein graft (often the patient’s own vein),
* or a synthetic graft.

### Advantages

* often more durable for extensive disease,
* especially effective for long blockages below the knee,
* can provide better long-term blood flow in severe disease.

### Best suited for

* long or complex blockages,
* failed prior endovascular procedures,
* chronic limb-threatening ischemia with tissue loss.

## Which is considered “best”?

There is no single best method for everyone.

In many modern vascular centers:

* **Endovascular therapy** is often tried first because it is less invasive.
* **Bypass surgery** may provide better long-term results in selected severe cases, especially when a good vein conduit is available.

For advanced disease threatening the limb, treatment decisions are often individualized by a vascular specialist.

## Important factors affecting success

The outcome depends heavily on:

* stopping smoking,
* diabetes control,
* cholesterol treatment,
* wound care,
* and long-term follow-up.

Without risk-factor control, arteries can narrow again even after successful surgery.

## Specialists involved

Treatment is usually performed by:

* vascular surgeons,
* interventional cardiologists,
* or interventional radiologists.

Helpful references:

* [Society for Vascular Surgery – PAD treatments](https://vascular.org/patient-resources/vascular-conditions/peripheral-arterial-disease-pad?utm_source=chatgpt.com)
* [Cleveland Clinic – PAD surgery and procedures](https://my.clevelandclinic.org/health/diseases/16878-peripheral-artery-disease-pad?utm_source=chatgpt.com)",2.0,1.0,1.5,5.0,4.5,5.0,4,,4,,,4,,,,,False,,4.0,0.0,exact_agreement,4.0,exact_agreement,dual_surgeon_agreement,4.0,dual_surgeon_agreement,2.0,1.0,1.5,5.0,4.5,5.0
VV_SS1_gemini_free,gemini_free,VV,signs_symptoms,symptoms,WHICH ARE THE SYMPTOMS OF VARICOSE VEINS,"Varicose veins are enlarged, twisted, and swollen veins that most commonly appear in the legs and feet. While for some people they are purely a cosmetic concern, for many others, they cause noticeable discomfort and pain.

Here is a breakdown of the visual signs and physical symptoms to look out for:

### Visual Signs (What They Look Like)

* **Dark blue or purple veins:** The veins often appear highly discolored beneath the skin.
* **Bulging, twisted appearance:** They frequently look like cords or ropes twisting along the legs.
* **Spider veins:** You might see smaller, red or blue clusters of veins (telangiectasias) near the surface of the skin close to the varicose veins.

---

### Physical Symptoms (What They Feel Like)

The discomfort caused by varicose veins often worsens after sitting or standing for long periods. Common sensations include:

* **An achy or heavy feeling** in the legs.
* **Burning, throbbing, or muscle cramping** in the lower legs.
* **Increased pain** after prolonged inactivity.
* **Itching** around one or more of the affected veins.
* **Swelling (edema)** in the lower legs, ankles, and feet.

---

### Advanced Symptoms & Complications

If left untreated, severe varicose veins can lead to more serious issues due to poor circulation. You should watch out for:

* **Skin discoloration:** The skin around the ankles or lower legs may turn a brownish color.
* **Skin changes:** The skin can become dry, thin, itchy, or hardened (a condition known as lipodermatosclerosis).
* **Venous ulcers:** Painful sores or ulcers can form on the skin near the varicose veins, especially near the ankles. **This requires immediate medical attention.**
* **Bleeding:** Because the veins are close to the surface, a minor bump can sometimes cause them to bleed significantly.

> **When to see a doctor:** If your legs are consistently painful, swollen, or if you notice skin changes or ulcers, it’s a good idea to consult a healthcare provider or a vascular specialist. They can help you explore management options, ranging from compression stockings to minimally invasive procedures.",1.5,1.0,2.5,,5.0,5.0,4,,4,,,4,,,,,False,,4.0,0.0,exact_agreement,4.0,exact_agreement,dual_surgeon_agreement,4.0,dual_surgeon_agreement,1.5,1.0,2.5,,5.0,5.0
VV_SS2_gemini_free,gemini_free,VV,natural_history,symptoms,ARE VARICOSE VEINS DANGEROUS,"For the vast majority of people, varicose veins are **not immediately dangerous**; they are primarily a cosmetic concern or a source of mild discomfort.

However, they should not be entirely ignored. Because varicose veins are caused by malfunctioning valves that allow blood to pool in the legs (a condition called chronic venous insufficiency), they can progressively worsen over several years. If left untreated, severe cases can lead to serious and potentially dangerous medical complications.

---

### The Real Risks of Untreated Varicose Veins

While rare, there are four main complications that turn varicose veins from an annoyance into a medical concern:

* **Spontaneous Bleeding:** Because varicose veins are stretched out and sit just beneath the surface of the skin, the overlying skin becomes thin and fragile over time. A minor bump, scratch, or even a hot shower can cause the vein to rupture, leading to sudden and surprisingly heavy bleeding.
* **Venous Ulcers:** When blood pools in the lower legs for years, the constant high pressure forces fluid into the surrounding tissues. This restricts oxygen and nutrients from reaching the skin, causing it to discolor, harden, and break down into painful open sores (ulcers). These ulcers heal very slowly and are highly prone to infection.
* **Superficial Thrombophlebitis:** Stagnant, slow-moving blood in a varicose vein can pool and form a blood clot just under the skin. This causes the vein to become hard, red, warm, and very painful. While these surface clots are usually not life-threatening, they require medical management to ensure they don't spread.
* **Deep Vein Thrombosis (DVT):** This is the most dangerous complication. Studies show that people with varicose veins have a significantly higher risk of developing blood clots in the *deep* veins of the legs. If a deep clot breaks free, it can travel to the lungs and cause a **pulmonary embolism (PE)**, which is a life-threatening medical emergency.

---

### Red Flag Symptoms: When to See a Doctor Immediately

You should seek prompt medical evaluation if you experience any of the following ""warning signs"":

1. **Sudden, severe swelling** or pain in only one leg.
2. **The skin turns warm, red, or hard** over a vein.
3. **Open sores or ulcers** develop near your ankle.
4. **The vein bursts and bleeds** (if this happens, elevate your leg above your heart, apply firm, direct pressure, and seek emergency care if it doesn't stop quickly).

Are you asking for yourself or someone else? If you are experiencing any specific symptoms like swelling or skin changes, sharing that can help me provide more tailored information.",2.0,1.0,2.0,,4.833333333333334,5.0,4,,4,,,3,,,,,False,,3.5,1.0,minor_disagreement,3.5,minor_disagreement,dual_surgeon_mean,3.5,dual_surgeon_mean,2.0,1.0,2.0,,4.833333333333334,5.0
VV_T1_gemini_free,gemini_free,VV,medical_advice,treatment,WHEN I HAVE TO GO TO THE DOCTOR FOR VARICOSE VEINS,"You should make an appointment to see a doctor for varicose veins if they are causing you physical discomfort, if you don't like how they look, or if you notice changes in the skin on your legs.

While varicose veins are usually not an emergency, you should navigate your care based on the urgency of your symptoms. Here is a guide on when to schedule a regular visit versus when to seek immediate medical attention.

### 📅 Schedule a Doctor's Appointment If:

You don't need to rush to the ER, but you should schedule a visit with a primary care doctor or a vascular specialist if you experience:

* **Persistent Pain or Heaviness:** Your legs throb, ache, or feel incredibly heavy, especially at the end of the day or after standing.
* **Swelling:** Your ankles or lower legs are consistently puffy or swollen.
* **Skin Changes:** The skin over or near the veins becomes dry, intensely itchy, flaky, or begins to change color (turning brownish or dark red).
* **Worsening Symptoms:** Home remedies—like wearing compression stockings, elevating your legs, or exercising—are no longer providing relief.
* **Cosmetic Concerns:** The appearance of the veins is causing you distress or affecting your confidence, and you want to discuss removal options.

---

### 🚨 Seek Immediate Medical Attention If:

Some symptoms indicate a dangerous complication, such as a severe infection or a deep blood clot. Go to urgent care or the emergency room if you experience:

* **Sudden, Severe Swelling:** One leg suddenly becomes significantly more swollen, warm, and painful than the other (a classic sign of a Deep Vein Thrombosis).
* **Signs of Infection:** The skin over a vein becomes bright red, very hot to the touch, and highly tender.
* **Open Sores:** You develop an ulcer or open sore near your ankle that isn't healing.
* **Bleeding:** A varicose vein bursts and starts bleeding.

> **Emergency Tip for a Bleeding Vein:** If a vein ruptures, lie down immediately, elevate your leg above the level of your heart, and apply firm, direct pressure to the bleeding site with a clean cloth. If the bleeding does not stop within a few minutes, call emergency services.",1.5,1.0,1.5,1.0,4.166666666666666,5.0,3,,3,,,3,,,,,False,,3.0,0.0,exact_agreement,3.0,exact_agreement,dual_surgeon_agreement,3.0,dual_surgeon_agreement,1.5,1.0,1.5,1.0,4.166666666666666,5.0
VV_T2_gemini_free,gemini_free,VV,best_treatment,treatment,WHICH IS THE BEST TREATMENT FOR VARICOSE VEINS,"There is no single ""best"" treatment for varicose veins because the right choice depends entirely on the size of the veins, your symptoms, and your overall health. Today, traditional surgery (like vein stripping) is rarely used. Instead, treatments have shifted toward highly effective, minimally invasive procedures performed right in a doctor's office.

Here is a breakdown of the top treatments, categorized by when and why they are used:

### 1. The Gold Standards for Large Varicose Veins

For the large, bulging veins deeper in the leg, doctors usually look to close the main vein causing the backup.

* **Thermal Ablation (Endovenous Laser or Radiofrequency):**
* **How it works:** A tiny catheter is inserted into the vein using ultrasound guidance. Heat (from a laser or radiofrequency energy) is applied to seal the vein shut. The body then naturally redirects blood to healthier veins.
* **Why it's favored:** It has a very high success rate, requires only local anesthesia, and has a quick recovery time (usually back to normal activities the next day).


* **Non-Thermal Vein Glue (VenaSeal):**
* **How it works:** A medical-grade adhesive is injected through a catheter to physically glue the vein walls together.
* **Why it's favored:** Unlike thermal ablation, it doesn't require multiple numbing injections along the leg, and patients often don't need to wear compression stockings after the procedure.



### 2. The Best Treatments for Medium to Small Veins (and Spider Veins)

If the veins are smaller or closer to the surface, different methods are used to destroy or remove them.

* **Sclerotherapy (and Foam Sclerotherapy):**
* **How it works:** A doctor injects a chemical solution directly into the vein, causing it to scar and collapse. For larger veins, the chemical is turned into a ""foam"" to cover more surface area.
* **Why it's favored:** It is the absolute best treatment for spider veins and medium varicose veins, requiring no incisions.


* **Microphlebectomy (Ambulatory Phlebectomy):**
* **How it works:** The doctor makes tiny, microscopic punctures in the skin and uses a special tool to physically hook and remove the varicose veins.
* **Why it's favored:** It is often done in combination with thermal ablation to instantly remove the bulky, visible veins on the surface. The slits are so small they don't even require stitches.



---

### 3. Best Initial Approach (Conservative Management)

Before insurance covers medical procedures, or if your symptoms are very mild, doctors always recommend lifestyle changes first:

* **Compression Stockings:** These specially designed socks squeeze your legs to help veins move blood back up to your heart.
* **Leg Elevation:** Propping your feet above your heart for 15 minutes a few times a day reduces pooling and swelling.
* **Exercise:** Walking activates the calf muscles, which act as a natural pump for your veins.

### Summary: Which is right for you?

* If you have **large, bulging, painful veins**, a combination of **Thermal Ablation** (to fix the root source) and **Microphlebectomy** (to remove the surface bulges) is generally considered the best approach.
* If your veins are **mostly a cosmetic issue or very small**, **Sclerotherapy** is the top choice.

To help narrow this down, are your veins mostly large and bulging, or are they smaller spider veins? Knowing if you are experiencing pain or swelling can also help pinpoint the best option.",2.0,1.0,1.5,3.5,4.5,5.0,3,,3,,,4,,,,,False,,3.5,1.0,minor_disagreement,3.5,minor_disagreement,dual_surgeon_mean,3.5,dual_surgeon_mean,2.0,1.0,1.5,3.5,4.5,5.0
